{
  "appointmentAvailability": {
    "PatientID": "123",
    "PatientIDType": "Internal",
    "VisitTypeID": "321",
    "VisitTypeIDType": "Internal",
    "StartDate": "25-08-21",
    "EndDate": "30-08-21",
    "JumpToDate": "10-10-20",
    "JumpToTime": "10-10-21",
    "ContinuationInformation": "yes",
    "MaximumNumberOfSolutions": "1",
    "UserID": "1",
    "UserIDType": "External",
    "AllowOverrule": "true",
    "SkipToOverrulePass": "false",
    "Blocks": {
      "string": "Consult"
    },
    "BlockOverrule": 4,
    "Specialty": "neuro",
    "ResourceType": "Providers Only",
    "IncludeProviderTeams": false,
    "Centers": {
      "string": 528
    },
    "UsePatientPreferences": true,
    "WarningsToAlwaysObey": {
      "string": "Time Restriction"
    },
    "Providers": {
      "ScheduleProvider": {
        "DepartmentID": 789,
        "DepartmentIDType": "",
        "ID": 7890,
        "IDType": "yes"
      }
    },
    "Departments": {
      "IDType": {
        "ID": 123,
        "Type": "yes"
      }
    },
    "Subgroups": {
      "Subgroup": {
        "DepartmentID": 1234,
        "DepartmentIDType": "",
        "ID": 31,
        "IDType": "yes"
      }
    },
    "Orders": {
      "IDType": {
        "ID": 12345,
        "Type": "yes"
      }
    },
    "SchedulePreferences": {
      "SchedulePreference": {
        "Day": "Monday",
        "Times": {
          "TimeRange": [
            {
              "EndTime": "4:00pm",
              "StartTime": "1:00pm"
            },
            {
              "EndTime": "11:00am",
              "StartTime": "9:00am"
            }
          ]
        }
      }
    }
  }
}