{
  "Appointment": {
    "Time": "11:00:00",
    "DurationInMinutes": 45,
    "Date": "2019-04-10",
    "Patient Instructions": [
      "Patient instructions"
    ],
    "Warnings": null,
    "CanReschedule": false,
    "Provide rDepartmentIDs": [
      {
        "Provider": {
          "ID": " 800958",
          "Type": "INTERNAL"
        },
        "Department": {
          "ID": "2 012",
          "Type": "INTERNAL"
        }
      }
    ],
    "Providers": [
      {
        "Name": "Evelyn MyChart, MD",
        "PhotoURL": "",
        "We bsiteURL": null,
        "IDs": [
          {
            "ID": " 800958",
            "Type": "Internal"
          },
          {
            "ID": "800958",
            "Type": "Exter nal"
          }
        ]
      }
    ],
    "Departments": [
      {
        "Name": "QA MyChart Wisconsin HPE Family Practice",
        "LocationI nstructions": [
          "To reach the clinic, drive east on Main Street until you see it. Make sure to park on the east side. The department is on the third floor."
        ],
        "IDs": [
          {
            "ID": " 2012",
            "Type": "Internal"
          },
          {
            "ID": "2012",
            "Type": "External"
          }
        ],
        "Address": {
          "StreetAddress": [
            "1979 Milky Way"
          ],
          "City": "Verona",
          "PostalCode": "53593",
          "HouseNumber": "420",
          "State": {
            "Number": "50",
            "Title": "Wisconsin",
            "Abbreviation": "WI"
          },
          "Country": {
            "Number": "1",
            "Title ": "United States of America",
            "Abbreviation": "USA"
          },
          "District": {
            "Number": "",
            "Title": "",
            "Abbreviation": ""
          },
          "County": {
            "Number": "467",
            "Title": "DANE",
            "Abbreviation": "DANE"
          }
        },
        " Specialty": {
          "Number": "9",
          "Title": "Family Practice",
          "Abbreviation": "FP",
          "ExternalName": "FamPrac/IntMed"
        },
        "OfficialTimeZone": {
          "Number": "5",
          "Title": "America/Chicago",
          "Abbrev iation": "America/CHI"
        },
        "Phones": [
          {
            "Type": "General",
            "Number": "608-555-2222"
          },
          {
            "Type": " Scheduling",
            "Number": ""
          }
        ]
      }
    ],
    "VisitType": {
      "Name": "QA MYCHART ADV VT 1 POOL",
      "DisplayNa me": "MyChart Advanced VT 1 Pool",
      "PatientInstructions": [],
      "IDs": [
        {
          "ID": " 380",
          "Type": "Internal"
        },
        {
          "ID": "380",
          "Type": "External"
        }
      ]
    },
    "ContactIDs": [
      {
        "ID": "",
        "Type": "DAT"
      },
      {
        "I D": "",
        "Type": "ASN"
      },
      {
        "ID": "",
        "Type": "CSN"
      },
      {
        "ID": "",
        "Type": "UCI"
      }
    ],
    "Patient": {
      "Name": "Portia Brutus",
      "IDs": [
        {
          "ID": "103259",
          "Type": "EPI"
        },
        {
          "ID": "2738",
          "Type": "BJBEPT&"
        },
        {
          " ID": " Z5939",
          "Type": "Internal"
        },
        {
          "ID": "Z5939",
          "Type": "External"
        }
      ]
    }
  }
}