{
  "Comments": [
    "Comments"
  ],
  "IsReviewOnly": "true",
  "MyChartAccountID": "Portia",
  "MyChartAccountIDType": "MYCHARTLOGIN",
  "OriginalAppointmentDat": "",
  "RescheduleReason": "",
  "RescheduleComments": "",
  "PatientID": " Z5939",
  "PatientIDType": "Internal",
  "Slot": {
    "Date": "2019-04-10",
    "Time": "11:00:00",
    "Duration": "45",
    "AppointmentInfo": {
      "Appts": [
        {
          "Pools": [
            {
              "Options": [
                {
                  "Date": "2019-04-10",
                  "Time": "11: 00: 00",
                  "Duration": "45",
                  "VisitType": {
                    "ID": " 380",
                    "Type": "INTERNAL"
                  },
                  "Provider": {
                    "ID": " 800958",
                    "Type": "INTERNAL"
                  },
                  "Department": {
                    "ID": "2012",
                    "Type": "INTERNAL"
                  }
                }
              ]
            }
          ]
        }
      ]
    }
  }
}