{
  "PatientID": "123",
  "VisitTypeID": "321",
  "StartDate": "2021-08-08",
  "EndDate": "2021-08-09",
  "JumpToDate": "2021-10-20",
  "JumpToTime": "2021-10-20T00:00:00",
  "MaximumNumberOfSolutions": "1",
  "Specialty": "neuro",
  "ResourceType": "3",
  "IncludeProviderTeams": true,
  "UsePatientPreferences": true,
  "SchedulePreferences": [{
    "day": "Tuesday",
    "Times": [{
      "TimeRange": {
        "StartTime": "04:00pm",
        "EndTime": "06:00pm"
      }
    }] 
  }],
  "Providers": [{
    "DepartmentId": "123",
    "DepartmentIdType": "Internal",
    "Id": "12",
    "IdType": "Internal"
  }],
  "Departments": [{
    "Id": "123",
    "Type": "Internal"
  }]
}