{
  "MessageType": "10041",
  "MessagePriority": "2",
  "SenderID": "SALEREFERRALHUB",
  "SenderIDType": "RecordID",
  "MessageText": [
    {
      "Parent First Name": "Jacky1",
      "Parent Last Name": "Rob 1",
      "Parent Phone": "1234567890",
      "Parent Zip": "75063",
      "Parent Email": "lokesh.thakur@childrens.com",
      "Parent Email Confirm": "lokesh.thakur@childrens.com",
      "Patient First Name": "Sick Patient",
      "Patient Last Name": "null",
      "Patient DOB": "10/28/2015",
      "Gender": "Male",
      "Reason For Appointment": "please ignore",
      "Voice Msg": "false",
      "Department": "Foster Care",
      "Pref Provider Name: ": "test"
    }
  ],
  "PatientID": "",
  "PatientIDType": "",
  "ContactID": "",
  "ContactIDType": "",
  "Recipients": [
    {
      "ID": 10926,
      "IDType": "RecordID",
      "IsPool": "true"
    }
  ]
}