{
  "OriginalAppointmentDat": "2020-10-10",
  "RescheduleReason": "ABC",
  "RescheduleComments": "ajsd",
  "PatientId": " Z5939",
  "Slot": {
    "Date": "2019-04-10",
    "Time": "11:00:00",
    "Duration": "45",
    "AppointmentInfo": {
      "Appts": [
        {
          "Pools": [
            {
              "Options": [
                {
                  "Date": "2019-04-10",
                  "Time": "11: 00: 00",
                  "Duration": "45",
                  "VisitType": {
                    "Id": " 380",
                    "Type": "INTERNAL"
                  },
                  "Provider": {
                    "Id": " 800958",
                    "Type": "INTERNAL"
                  },
                  "Department": {
                    "Id": "2012",
                    "Type": "INTERNAL"
                  }
                }
              ]
            }
          ]
        }
      ]
    }
  }
}