{
  "Appointment": {
    "Time": "11:00:00",
    "DurationInMinutes": 45,
    "Date": "2019-04-10",
    "Patient Instructions": [
      "Patient instructions"
    ],
    "Warnings": null,
    "CanReschedule": false,
    "ProviderDepartmentIds": [
      {
        "Provider": {
          "Id": " 800958",
          "Type": "INTERNAL"
        },
        "Department": {
          "Id": "2012",
          "Type": "INTERNAL"
        }
      }
    ],
    "Providers": [
      {
        "Name": "Evelyn MyChart, MD",
        "PhotoURL": "",
        "We bsiteURL": null,
        "Ids": [
          {
            "Id": " 800958",
            "Type": "Internal"
          }
        ]
      }
    ],
    "Departments": [
      {
        "Name": "Dept1",
        "LocationInstructions": [
          "Location info"
        ],
        "Ids": [
          {
            "Id": " 2012",
            "Type": "Internal"
          }
        ],
        "Address": {
          "StreetAddress": [
            "123 main street"
          ],
          "City": "abc",
          "PostalCode": "55555",
          "HouseNumber": "122",
          "State": {
            "Number": "50",
            "Title": "xyz",
            "Abbreviation": "X"
          },
          "Country": {
            "Number": "1",
            "Title ": "United States of America",
            "Abbreviation": "USA"
          },
          "District": {
            "Number": "",
            "Title": "",
            "Abbreviation": ""
          },
          "County": {
            "Number": "467",
            "Title": "DANE",
            "Abbreviation": "DANE"
          }
        },
        "Specialty": {
          "Number": "9",
          "Title": "Family Practice",
          "Abbreviation": "FP",
          "ExternalName": "FamPrac/IntMed"
        },
        "OfficialTimeZone": {
          "Number": "5",
          "Title": "America/Chicago",
          "Abbreviation": "America/CHI"
        },
        "Phones": [
          {
            "Type": "General",
            "Number": "999-111-2222"
          }
        ]
      }
    ],
    "VisitType": {
      "Name": "abc",
      "DisplayName": "an",
      "PatientInstructions": [],
      "Ids": [
        {
          "Id": " 380",
          "Type": "Internal"
        }
      ]
    },
    "ContactIds": [
      {
        "Id": "",
        "Type": "DAT"
      }
    ],
    "Patient": {
      "Name": "AB CD",
      "Ids": [
        {
          "Id": "888888",
          "Type": "EPI"
        }
      ]
    }
  }
}